{"cameraMode":{"drawMode":0,"name":"Shaded","section":"Shading Mode"},"sceneLighting":false,"audioPlay":false,"sceneViewState":{"showFog":true,"showMaterialUpdate":false,"showSkybox":false,"showFlares":true,"showImageEffects":true,"showParticleSystems":true},"in2DMode":false,"pivot":{"x":-17.76595687866211,"y":2.572906255722046,"z":-8.355031967163086},"rotation":{"x":-0.013987058773636818,"y":-0.9327360987663269,"z":-0.0363951213657856,"w":0.3584495782852173},"size":3.300072193145752,"orthographic":false}